{"count":1,"self":2828.8813056,"total":8207.9313676,"children":{"InitializeActuators":{"count":1,"self":0.0019979999999999998,"total":0.0019979999999999998,"children":null},"InitializeSensors":{"count":1,"self":0.0039943,"total":0.0079904,"children":{"CreateObservableSensors":{"count":1,"self":0.0039961,"total":0.0039961,"children":null}}},"AgentSendState":{"count":5077401,"self":9.2151319999999988,"total":1329.5406272,"children":{"CollectObservations":{"count":304643,"self":97.395910399999991,"total":97.3959081,"children":null},"WriteActionMask":{"count":304643,"self":0.73894719999999992,"total":0.73894719999999992,"children":null},"RequestDecision":{"count":304643,"self":2.7156675999999997,"total":1222.1906402,"children":{"AgentInfo.ToProto":{"count":304643,"self":2.721516,"total":1219.4749726999999,"children":{"GenerateSensorData":{"count":304643,"self":9.8992344,"total":1216.7534567999999,"children":{"CameraSensor.GetCompressedObservation":{"count":304643,"self":1206.8542464,"total":1206.8542224,"children":null}}}}}}}}},"DecideAction":{"count":5077401,"self":3828.944896,"total":3828.9450927999997,"children":null},"AgentAct":{"count":5077401,"self":206.39727359999998,"total":206.9511483,"children":{"AgentInfo.ToProto":{"count":129,"self":0,"total":0.55386859999999993,"children":{"GenerateSensorData":{"count":129,"self":0.0039952,"total":0.55386859999999993,"children":{"CameraSensor.GetCompressedObservation":{"count":129,"self":0.5498734,"total":0.5498734,"children":null}}}}}}},"AgentInfo.ToProto":{"count":2527,"self":0.029845399999999998,"total":10.8061834,"children":{"GenerateSensorData":{"count":2527,"self":0.0667473,"total":10.776337999999999,"children":{"CameraSensor.GetCompressedObservation":{"count":2527,"self":10.7095904,"total":10.7095907,"children":null}}}}},"CreateObservableSensors":{"count":78048,"self":2.7969627999999997,"total":2.7969627999999997,"children":null}},"gauges":{"SnakeA-Behavior.CumulativeReward":{"count":2656,"max":6.599997,"min":-7.899996,"runningAverage":-2.47594047,"value":-2.80000019,"weightedAverage":-2.6832726}},"metadata":{"timer_format_version":"0.1.0","start_time_seconds":"1673391927","unity_version":"2021.3.16f1","command_line_arguments":"E:\\unity\\2021.3.16f1\\Editor\\Unity.exe -projectpath E:\\snakeAI\\Snake-AI -useHub -hubIPC -cloudEnvironment production -licensingIpc LicenseClient-celluc -hubSessionId 167e8e00-912a-11ed-846c-710537bf5cc3 -accessToken 1OQXKcvNwZ0igPGa75Dern6KyYD1_zqSPvKt5TAOEGQ008f","communication_protocol_version":"1.5.0","com.unity.ml-agents_version":"2.0.1","scene_name":"SampleScene","end_time_seconds":"1673400135"}}