{"count":1,"self":322.7857664,"total":700.49014849999992,"children":{"InitializeActuators":{"count":1,"self":0.0019973,"total":0.0019973,"children":null},"InitializeSensors":{"count":1,"self":0.010011299999999999,"total":0.014005799999999999,"children":{"CreateObservableSensors":{"count":1,"self":0.0039945,"total":0.0039945,"children":null}}},"AgentSendState":{"count":243017,"self":0.435191,"total":94.7684209,"children":{"CollectObservations":{"count":14580,"self":6.4841387999999993,"total":6.4841387,"children":null},"WriteActionMask":{"count":14580,"self":0.0362564,"total":0.0362564,"children":null},"RequestDecision":{"count":14580,"self":0.16203789999999998,"total":87.81283479999999,"children":{"AgentInfo.ToProto":{"count":14580,"self":0.16888889999999998,"total":87.6507969,"children":{"GenerateSensorData":{"count":14580,"self":1.0713994,"total":87.48190799999999,"children":{"CameraSensor.GetCompressedObservation":{"count":14580,"self":86.4105088,"total":86.4105086,"children":null}}}}}}}}},"DecideAction":{"count":243017,"self":270.05125119999997,"total":270.0512412,"children":null},"AgentAct":{"count":243017,"self":10.9679352,"total":10.9679351,"children":null},"AgentInfo.ToProto":{"count":366,"self":0.0071108,"total":1.8987611,"children":{"GenerateSensorData":{"count":366,"self":0.021583099999999997,"total":1.8916503,"children":{"CameraSensor.GetCompressedObservation":{"count":366,"self":1.8700671999999998,"total":1.8700671999999998,"children":null}}}}}},"gauges":{"SnakeA-Behavior.CumulativeReward":{"count":366,"max":-47,"min":-106.600128,"runningAverage":-58.9456139,"value":-58,"weightedAverage":-57.9482269}},"metadata":{"timer_format_version":"0.1.0","start_time_seconds":"1672783681","unity_version":"2021.3.11f1","command_line_arguments":"C:\\Program Files\\Unity\\Hub\\Editor\\2021.3.11f1\\Editor\\Unity.exe -projectpath C:\\Users\\lucas\\Snake AI -useHub -hubIPC -cloudEnvironment production -licensingIpc LicenseClient-lucas -hubSessionId f01792c0-8b98-11ed-8dc9-cd5f78a494f9 -accessToken JcO10hizMSIC0sijt0n27gD7IjXULQhe3w6Sp339lUk008f","communication_protocol_version":"1.5.0","com.unity.ml-agents_version":"2.0.1","scene_name":"SampleScene","end_time_seconds":"1672784381"}}