{
    "name": "root",
    "metadata": {
        "timer_format_version": "0.1.0",
        "start_time_seconds": "1672783675",
        "python_version": "3.8.13 (default, Oct 19 2022, 22:38:03) [MSC v.1916 64 bit (AMD64)]",
        "command_line_arguments": "C:\\Users\\lucas\\anaconda3\\envs\\py3_8_13\\Scripts\\mlagents-learn SnakeAI_config.yaml --run-id=SnakeA-Behavior --force",
        "mlagents_version": "0.30.0",
        "mlagents_envs_version": "0.30.0",
        "communication_protocol_version": "1.5.0",
        "pytorch_version": "1.7.1+cu110",
        "numpy_version": "1.21.2",
        "end_time_seconds": "1672784322"
    },
    "total": 646.311423,
    "count": 1,
    "self": 0.010743599999955222,
    "children": {
        "run_training.setup": {
            "total": 0.3497682000000002,
            "count": 1,
            "self": 0.3497682000000002
        },
        "TrainerController.start_learning": {
            "total": 645.9509112000001,
            "count": 1,
            "self": 0.46256510000011986,
            "children": {
                "TrainerController._reset_env": {
                    "total": 7.852978500000001,
                    "count": 1,
                    "self": 7.852978500000001
                },
                "TrainerController.advance": {
                    "total": 637.2482195,
                    "count": 14579,
                    "self": 0.4308442999986255,
                    "children": {
                        "env_step": {
                            "total": 584.6633186999989,
                            "count": 14579,
                            "self": 493.3168262000009,
                            "children": {
                                "SubprocessEnvManager._take_step": {
                                    "total": 90.93515849999689,
                                    "count": 14579,
                                    "self": 1.5910122999980132,
                                    "children": {
                                        "TorchPolicy.evaluate": {
                                            "total": 89.34414619999887,
                                            "count": 14579,
                                            "self": 89.34414619999887
                                        }
                                    }
                                },
                                "workers": {
                                    "total": 0.411334000001073,
                                    "count": 14578,
                                    "self": 0.0,
                                    "children": {
                                        "worker_root": {
                                            "total": 514.3604055000029,
                                            "count": 14578,
                                            "is_parallel": true,
                                            "self": 173.50720240000277,
                                            "children": {
                                                "steps_from_proto": {
                                                    "total": 0.030996999999999275,
                                                    "count": 1,
                                                    "is_parallel": true,
                                                    "self": 0.0003824999999997303,
                                                    "children": {
                                                        "_process_maybe_compressed_observation": {
                                                            "total": 0.030464399999999614,
                                                            "count": 2,
                                                            "is_parallel": true,
                                                            "self": 8.749999999935199e-05,
                                                            "children": {
                                                                "_observation_to_np_array": {
                                                                    "total": 0.030376900000000262,
                                                                    "count": 1,
                                                                    "is_parallel": true,
                                                                    "self": 7.360000000034006e-05,
                                                                    "children": {
                                                                        "process_pixels": {
                                                                            "total": 0.030303299999999922,
                                                                            "count": 1,
                                                                            "is_parallel": true,
                                                                            "self": 0.0024458000000002755,
                                                                            "children": {
                                                                                "image_decompress": {
                                                                                    "total": 0.027857499999999646,
                                                                                    "count": 5,
                                                                                    "is_parallel": true,
                                                                                    "self": 0.027857499999999646
                                                                                }
                                                                            }
                                                                        }
                                                                    }
                                                                }
                                                            }
                                                        },
                                                        "_process_rank_one_or_two_observation": {
                                                            "total": 0.00015009999999993084,
                                                            "count": 2,
                                                            "is_parallel": true,
                                                            "self": 0.00015009999999993084
                                                        }
                                                    }
                                                },
                                                "UnityEnvironment.step": {
                                                    "total": 340.82220610000013,
                                                    "count": 14578,
                                                    "is_parallel": true,
                                                    "self": 2.5422258999971064,
                                                    "children": {
                                                        "UnityEnvironment._generate_step_input": {
                                                            "total": 2.1297721999986567,
                                                            "count": 14578,
                                                            "is_parallel": true,
                                                            "self": 2.1297721999986567
                                                        },
                                                        "communicator.exchange": {
                                                            "total": 280.6248042999998,
                                                            "count": 14578,
                                                            "is_parallel": true,