{
    "name": "root",
    "metadata": {
        "timer_format_version": "0.1.0",
        "start_time_seconds": "1672766142",
        "python_version": "3.8.13 (default, Oct 19 2022, 22:38:03) [MSC v.1916 64 bit (AMD64)]",
        "command_line_arguments": "C:\\Users\\lucas\\anaconda3\\envs\\py3_8_13\\Scripts\\mlagents-learn SnakeAI_config.yaml --run-id=SnakeA-Behavior --force",
        "mlagents_version": "0.30.0",
        "mlagents_envs_version": "0.30.0",
        "communication_protocol_version": "1.5.0",
        "pytorch_version": "1.7.1+cu110",
        "numpy_version": "1.21.2",
        "end_time_seconds": "1672766219"
    },
    "total": 76.10736829999999,
    "count": 1,
    "self": 0.011351599999983364,
    "children": {
        "run_training.setup": {
            "total": 0.30460560000000036,
            "count": 1,
            "self": 0.30460560000000036
        },
        "TrainerController.start_learning": {
            "total": 75.7914111,
            "count": 1,
            "self": 0.013736799999961136,
            "children": {
                "TrainerController._reset_env": {
                    "total": 53.0135699,
                    "count": 1,
                    "self": 53.0135699
                },
                "TrainerController.advance": {
                    "total": 22.574527900000035,
                    "count": 426,
                    "self": 0.014022200000034957,
                    "children": {
                        "env_step": {
                            "total": 20.013475700000065,
                            "count": 426,
                            "self": 16.202263700000124,
                            "children": {
                                "SubprocessEnvManager._take_step": {
                                    "total": 3.7994308999999262,
                                    "count": 426,
                                    "self": 0.04590619999995482,
                                    "children": {
                                        "TorchPolicy.evaluate": {
                                            "total": 3.7535246999999714,
                                            "count": 425,
                                            "self": 3.7535246999999714
                                        }
                                    }
                                },
                                "workers": {
                                    "total": 0.011781100000014533,
                                    "count": 425,
                                    "self": 0.0,
                                    "children": {
                                        "worker_root": {
                                            "total": 18.959831199999954,
                                            "count": 425,
                                            "is_parallel": true,
                                            "self": 9.547900999999946,
                                            "children": {
                                                "steps_from_proto": {
                                                    "total": 0.04235460000000302,
                                                    "count": 1,
                                                    "is_parallel": true,
                                                    "self": 0.0005166000000045301,
                                                    "children": {
                                                        "_process_maybe_compressed_observation": {
                                                            "total": 0.041637600000001385,
                                                            "count": 2,
                                                            "is_parallel": true,
                                                            "self": 0.00014350000000007412,
                                                            "children": {
                                                                "_observation_to_np_array": {
                                                                    "total": 0.04149410000000131,
                                                                    "count": 1,
                                                                    "is_parallel": true,
                                                                    "self": 9.010000000131413e-05,
                                                                    "children": {
                                                                        "process_pixels": {
                                                                            "total": 0.041403999999999996,
                                                                            "count": 1,
                                                                            "is_parallel": true,
                                                                            "self": 0.002736400000003414,
                                                                            "children": {
                                                                                "image_decompress": {
                                                                                    "total": 0.03866759999999658,
                                                                                    "count": 5,
                                                                                    "is_parallel": true,
                                                                                    "self": 0.03866759999999658
                                                                                }
                                                                            }
                                                                        }
                                                                    }
                                                                }
                                                            }
                                                        },
                                                        "_process_rank_one_or_two_observation": {
                                                            "total": 0.0002003999999971029,
                                                            "count": 2,
                                                            "is_parallel": true,
                                                            "self": 0.0002003999999971029
                                                        }
                                                    }
                                                },
                                                "UnityEnvironment.step": {
                                                    "total": 9.369575600000005,
                                                    "count": 425,
                                                    "is_parallel": true,
                                                    "self": 0.07008509999995738,
                                                    "children": {
                                                        "UnityEnvironment._generate_step_input": {
                                                            "total": 0.062133400000114136,
                                                            "count": 425,
                                                            "is_parallel": true,
                                                            "self": 0.062133400000114136
                                                        },
                                                        "communicator.exchange": {
                                                            "total": 7.758837599999943,
                                                            "count": 425,
                                                            "is_parallel": true,