{
    "name": "root",
    "metadata": {
        "timer_format_version": "0.1.0",
        "start_time_seconds": "1672776377",
        "python_version": "3.8.13 (default, Oct 19 2022, 22:38:03) [MSC v.1916 64 bit (AMD64)]",
        "command_line_arguments": "C:\\Users\\lucas\\anaconda3\\envs\\py3_8_13\\Scripts\\mlagents-learn SnakeAI_config.yaml --run-id=SnakeA-Behavior --force",
        "mlagents_version": "0.30.0",
        "mlagents_envs_version": "0.30.0",
        "communication_protocol_version": "1.5.0",
        "pytorch_version": "1.7.1+cu110",
        "numpy_version": "1.21.2",
        "end_time_seconds": "1672777039"
    },
    "total": 661.5032214,
    "count": 1,
    "self": 0.012732900000059999,
    "children": {
        "run_training.setup": {
            "total": 0.27575759999999994,
            "count": 1,
            "self": 0.27575759999999994
        },
        "TrainerController.start_learning": {
            "total": 661.2147309,
            "count": 1,
            "self": 0.3995974999984355,
            "children": {
                "TrainerController._reset_env": {
                    "total": 9.7873616,
                    "count": 1,
                    "self": 9.7873616
                },
                "TrainerController.advance": {
                    "total": 650.5634958000014,
                    "count": 12488,
                    "self": 0.3718473000018321,
                    "children": {
                        "env_step": {
                            "total": 594.6770123000006,
                            "count": 12488,
                            "self": 516.0104966000019,
                            "children": {
                                "SubprocessEnvManager._take_step": {
                                    "total": 78.29915400000088,
                                    "count": 12488,
                                    "self": 1.3143045000006879,
                                    "children": {
                                        "TorchPolicy.evaluate": {
                                            "total": 76.9848495000002,
                                            "count": 12486,
                                            "self": 76.9848495000002
                                        }
                                    }
                                },
                                "workers": {
                                    "total": 0.367361699997776,
                                    "count": 12487,
                                    "self": 0.0,
                                    "children": {
                                        "worker_root": {
                                            "total": 528.4721009999995,
                                            "count": 12487,
                                            "is_parallel": true,
                                            "self": 160.39143429999598,
                                            "children": {
                                                "steps_from_proto": {
                                                    "total": 0.037029899999999394,
                                                    "count": 1,
                                                    "is_parallel": true,
                                                    "self": 0.00032439999999933633,
                                                    "children": {
                                                        "_process_maybe_compressed_observation": {
                                                            "total": 0.0365783000000004,
                                                            "count": 2,
                                                            "is_parallel": true,
                                                            "self": 8.260000000070988e-05,
                                                            "children": {
                                                                "_observation_to_np_array": {
                                                                    "total": 0.03649569999999969,
                                                                    "count": 1,
                                                                    "is_parallel": true,
                                                                    "self": 5.169999999932173e-05,
                                                                    "children": {
                                                                        "process_pixels": {
                                                                            "total": 0.036444000000000365,
                                                                            "count": 1,
                                                                            "is_parallel": true,
                                                                            "self": 0.0023618000000009687,
                                                                            "children": {
                                                                                "image_decompress": {
                                                                                    "total": 0.034082199999999396,
                                                                                    "count": 5,
                                                                                    "is_parallel": true,
                                                                                    "self": 0.034082199999999396
                                                                                }
                                                                            }
                                                                        }
                                                                    }
                                                                }
                                                            }
                                                        },
                                                        "_process_rank_one_or_two_observation": {
                                                            "total": 0.00012719999999966092,
                                                            "count": 2,
                                                            "is_parallel": true,
                                                            "self": 0.00012719999999966092
                                                        }
                                                    }
                                                },
                                                "UnityEnvironment.step": {
                                                    "total": 368.0436368000035,
                                                    "count": 12487,
                                                    "is_parallel": true,
                                                    "self": 1.9887978000016346,
                                                    "children": {
                                                        "UnityEnvironment._generate_step_input": {
                                                            "total": 1.6292175999994356,
                                                            "count": 12487,
                                                            "is_parallel": true,
                                                            "self": 1.6292175999994356
                                                        },
                                                        "communicator.exchange": {
                                                            "total": 323.24879899999894,
                                                            "count": 12487,
                                                            "is_parallel": true,