{
    "name": "root",
    "metadata": {
        "timer_format_version": "0.1.0",
        "start_time_seconds": "1672786571",
        "python_version": "3.8.13 (default, Oct 19 2022, 22:38:03) [MSC v.1916 64 bit (AMD64)]",
        "command_line_arguments": "C:\\Users\\lucas\\anaconda3\\envs\\py3_8_13\\Scripts\\mlagents-learn SnakeAI_config.yaml --run-id=SnakeA-Behavior --force",
        "mlagents_version": "0.30.0",
        "mlagents_envs_version": "0.30.0",
        "communication_protocol_version": "1.5.0",
        "pytorch_version": "1.7.1+cu110",
        "numpy_version": "1.21.2",
        "end_time_seconds": "1672787795"
    },
    "total": 1223.2840286,
    "count": 1,
    "self": 0.01213499999994383,
    "children": {
        "run_training.setup": {
            "total": 0.28518029999999994,
            "count": 1,
            "self": 0.28518029999999994
        },
        "TrainerController.start_learning": {
            "total": 1222.9867133,
            "count": 1,
            "self": 1.0527479999980187,
            "children": {
                "TrainerController._reset_env": {
                    "total": 22.4212724,
                    "count": 1,
                    "self": 22.4212724
                },
                "TrainerController.advance": {
                    "total": 1199.102294800002,
                    "count": 32565,
                    "self": 1.0445732999978645,
                    "children": {
                        "env_step": {
                            "total": 1052.837574700003,
                            "count": 32565,
                            "self": 832.4181012000004,
                            "children": {
                                "SubprocessEnvManager._take_step": {
                                    "total": 219.3977344999917,
                                    "count": 32565,
                                    "self": 3.719225999981745,
                                    "children": {
                                        "TorchPolicy.evaluate": {
                                            "total": 215.67850850000997,
                                            "count": 32565,
                                            "self": 215.67850850000997
                                        }
                                    }
                                },
                                "workers": {
                                    "total": 1.0217390000108288,
                                    "count": 32564,
                                    "self": 0.0,
                                    "children": {
                                        "worker_root": {
                                            "total": 1187.4958848000188,
                                            "count": 32564,
                                            "is_parallel": true,
                                            "self": 436.8353154000124,
                                            "children": {
                                                "steps_from_proto": {
                                                    "total": 0.03783130000000057,
                                                    "count": 1,
                                                    "is_parallel": true,
                                                    "self": 0.0003012999999967292,
                                                    "children": {
                                                        "_process_maybe_compressed_observation": {
                                                            "total": 0.03740880000000146,
                                                            "count": 2,
                                                            "is_parallel": true,
                                                            "self": 9.660000000266677e-05,
                                                            "children": {
                                                                "_observation_to_np_array": {
                                                                    "total": 0.037312199999998796,
                                                                    "count": 1,
                                                                    "is_parallel": true,
                                                                    "self": 6.009999999889715e-05,
                                                                    "children": {
                                                                        "process_pixels": {
                                                                            "total": 0.0372520999999999,
                                                                            "count": 1,
                                                                            "is_parallel": true,
                                                                            "self": 0.0019425000000019566,
                                                                            "children": {
                                                                                "image_decompress": {
                                                                                    "total": 0.03530959999999794,
                                                                                    "count": 5,
                                                                                    "is_parallel": true,
                                                                                    "self": 0.03530959999999794
                                                                                }
                                                                            }
                                                                        }
                                                                    }
                                                                }
                                                            }
                                                        },
                                                        "_process_rank_one_or_two_observation": {
                                                            "total": 0.00012120000000237496,
                                                            "count": 2,
                                                            "is_parallel": true,
                                                            "self": 0.00012120000000237496
                                                        }
                                                    }
                                                },
                                                "UnityEnvironment.step": {
                                                    "total": 750.6227381000064,
                                                    "count": 32564,
                                                    "is_parallel": true,
                                                    "self": 5.158383599994522,
                                                    "children": {
                                                        "UnityEnvironment._generate_step_input": {
                                                            "total": 3.990863399991028,
                                                            "count": 32564,
                                                            "is_parallel": true,
                                                            "self": 3.990863399991028
                                                        },
                                                        "communicator.exchange": {
                                                            "total": 638.5207694000136,
                                                            "count": 32564,
                                                            "is_parallel": true,