{
    "name": "root",
    "metadata": {
        "timer_format_version": "0.1.0",
        "start_time_seconds": "1672768185",
        "python_version": "3.8.13 (default, Oct 19 2022, 22:38:03) [MSC v.1916 64 bit (AMD64)]",
        "command_line_arguments": "C:\\Users\\lucas\\anaconda3\\envs\\py3_8_13\\Scripts\\mlagents-learn SnakeAI_config.yaml --run-id=SnakeA-Behavior --force",
        "mlagents_version": "0.30.0",
        "mlagents_envs_version": "0.30.0",
        "communication_protocol_version": "1.5.0",
        "pytorch_version": "1.7.1+cu110",
        "numpy_version": "1.21.2",
        "end_time_seconds": "1672768336"
    },
    "total": 150.7591273,
    "count": 1,
    "self": 0.012279599999999391,
    "children": {
        "run_training.setup": {
            "total": 0.32906330000000006,
            "count": 1,
            "self": 0.32906330000000006
        },
        "TrainerController.start_learning": {
            "total": 150.4177844,
            "count": 1,
            "self": 0.07500899999968169,
            "children": {
                "TrainerController._reset_env": {
                    "total": 43.4443959,
                    "count": 1,
                    "self": 43.4443959
                },
                "TrainerController.advance": {
                    "total": 106.73345280000032,
                    "count": 2258,
                    "self": 0.07365970000060429,
                    "children": {
                        "env_step": {
                            "total": 91.60940349999998,
                            "count": 2258,
                            "self": 75.82411279999985,
                            "children": {
                                "SubprocessEnvManager._take_step": {
                                    "total": 15.714378700000019,
                                    "count": 2258,
                                    "self": 0.26817569999985835,
                                    "children": {
                                        "TorchPolicy.evaluate": {
                                            "total": 15.44620300000016,
                                            "count": 2254,
                                            "self": 15.44620300000016
                                        }
                                    }
                                },
                                "workers": {
                                    "total": 0.07091200000012066,
                                    "count": 2257,
                                    "self": 0.0,
                                    "children": {
                                        "worker_root": {
                                            "total": 100.69460400000017,
                                            "count": 2257,
                                            "is_parallel": true,
                                            "self": 38.1621403,
                                            "children": {
                                                "steps_from_proto": {
                                                    "total": 0.04537540000000462,
                                                    "count": 1,
                                                    "is_parallel": true,
                                                    "self": 0.0005801000000147383,
                                                    "children": {
                                                        "_process_maybe_compressed_observation": {
                                                            "total": 0.044550799999996116,
                                                            "count": 2,
                                                            "is_parallel": true,
                                                            "self": 0.0001278000000013435,
                                                            "children": {
                                                                "_observation_to_np_array": {
                                                                    "total": 0.04442299999999477,
                                                                    "count": 1,
                                                                    "is_parallel": true,
                                                                    "self": 7.199999999585316e-05,
                                                                    "children": {
                                                                        "process_pixels": {
                                                                            "total": 0.04435099999999892,
                                                                            "count": 1,
                                                                            "is_parallel": true,
                                                                            "self": 0.00344050000000351,
                                                                            "children": {
                                                                                "image_decompress": {
                                                                                    "total": 0.04091049999999541,
                                                                                    "count": 5,
                                                                                    "is_parallel": true,
                                                                                    "self": 0.04091049999999541
                                                                                }
                                                                            }
                                                                        }
                                                                    }
                                                                }
                                                            }
                                                        },
                                                        "_process_rank_one_or_two_observation": {
                                                            "total": 0.0002444999999937636,
                                                            "count": 2,
                                                            "is_parallel": true,
                                                            "self": 0.0002444999999937636
                                                        }
                                                    }
                                                },
                                                "UnityEnvironment.step": {
                                                    "total": 62.48708830000017,
                                                    "count": 2257,
                                                    "is_parallel": true,
                                                    "self": 0.39933170000066553,
                                                    "children": {
                                                        "UnityEnvironment._generate_step_input": {
                                                            "total": 0.3398563999995474,
                                                            "count": 2257,
                                                            "is_parallel": true,
                                                            "self": 0.3398563999995474
                                                        },
                                                        "communicator.exchange": {
                                                            "total": 53.40017159999973,
                                                            "count": 2257,
                                                            "is_parallel": true,