{
    "name": "root",
    "metadata": {
        "timer_format_version": "0.1.0",
        "start_time_seconds": "1672770925",
        "python_version": "3.8.13 (default, Oct 19 2022, 22:38:03) [MSC v.1916 64 bit (AMD64)]",
        "command_line_arguments": "C:\\Users\\lucas\\anaconda3\\envs\\py3_8_13\\Scripts\\mlagents-learn SnakeAI_config.yaml --run-id=SnakeA-Behavior --force",
        "mlagents_version": "0.30.0",
        "mlagents_envs_version": "0.30.0",
        "communication_protocol_version": "1.5.0",
        "pytorch_version": "1.7.1+cu110",
        "numpy_version": "1.21.2",
        "end_time_seconds": "1672771065"
    },
    "total": 140.0117212,
    "count": 1,
    "self": 0.009611200000023246,
    "children": {
        "run_training.setup": {
            "total": 0.2880071000000002,
            "count": 1,
            "self": 0.2880071000000002
        },
        "TrainerController.start_learning": {
            "total": 139.7141029,
            "count": 1,
            "self": 0.03726259999993431,
            "children": {
                "TrainerController._reset_env": {
                    "total": 19.770341199999997,
                    "count": 1,
                    "self": 19.770341199999997
                },
                "TrainerController.advance": {
                    "total": 119.64213460000003,
                    "count": 1385,
                    "self": 0.036442200000166736,
                    "children": {
                        "env_step": {
                            "total": 118.81339629999987,
                            "count": 1385,
                            "self": 108.54573760000021,
                            "children": {
                                "SubprocessEnvManager._take_step": {
                                    "total": 10.235036699999977,
                                    "count": 1385,
                                    "self": 0.13422989999986967,
                                    "children": {
                                        "TorchPolicy.evaluate": {
                                            "total": 10.100806800000107,
                                            "count": 1382,
                                            "self": 10.100806800000107
                                        }
                                    }
                                },
                                "workers": {
                                    "total": 0.03262199999968374,
                                    "count": 1384,
                                    "self": 0.0,
                                    "children": {
                                        "worker_root": {
                                            "total": 82.92635030000007,
                                            "count": 1384,
                                            "is_parallel": true,
                                            "self": 16.189107200000038,
                                            "children": {
                                                "steps_from_proto": {
                                                    "total": 0.04249499999999884,
                                                    "count": 1,
                                                    "is_parallel": true,
                                                    "self": 0.00023550000000227556,
                                                    "children": {
                                                        "_process_maybe_compressed_observation": {
                                                            "total": 0.04210729999999785,
                                                            "count": 2,
                                                            "is_parallel": true,
                                                            "self": 7.2699999996928e-05,
                                                            "children": {
                                                                "_observation_to_np_array": {
                                                                    "total": 0.04203460000000092,
                                                                    "count": 1,
                                                                    "is_parallel": true,
                                                                    "self": 4.57000000011476e-05,
                                                                    "children": {
                                                                        "process_pixels": {
                                                                            "total": 0.041988899999999774,
                                                                            "count": 1,
                                                                            "is_parallel": true,
                                                                            "self": 0.004424300000000159,
                                                                            "children": {
                                                                                "image_decompress": {
                                                                                    "total": 0.037564599999999615,
                                                                                    "count": 5,
                                                                                    "is_parallel": true,
                                                                                    "self": 0.037564599999999615
                                                                                }
                                                                            }
                                                                        }
                                                                    }
                                                                }
                                                            }
                                                        },
                                                        "_process_rank_one_or_two_observation": {
                                                            "total": 0.00015219999999871447,
                                                            "count": 2,
                                                            "is_parallel": true,
                                                            "self": 0.00015219999999871447
                                                        }
                                                    }
                                                },
                                                "UnityEnvironment.step": {
                                                    "total": 66.69474810000003,
                                                    "count": 1384,
                                                    "is_parallel": true,
                                                    "self": 0.20076039999982243,
                                                    "children": {
                                                        "UnityEnvironment._generate_step_input": {
                                                            "total": 0.18299730000011394,
                                                            "count": 1384,
                                                            "is_parallel": true,
                                                            "self": 0.18299730000011394
                                                        },
                                                        "communicator.exchange": {
                                                            "total": 62.193744100000146,
                                                            "count": 1384,
                                                            "is_parallel": true,