{
    "name": "root",
    "metadata": {
        "timer_format_version": "0.1.0",
        "start_time_seconds": "1672772553",
        "python_version": "3.8.13 (default, Oct 19 2022, 22:38:03) [MSC v.1916 64 bit (AMD64)]",
        "command_line_arguments": "C:\\Users\\lucas\\anaconda3\\envs\\py3_8_13\\Scripts\\mlagents-learn SnakeAI_config.yaml --run-id=SnakeA-Behavior --force",
        "mlagents_version": "0.30.0",
        "mlagents_envs_version": "0.30.0",
        "communication_protocol_version": "1.5.0",
        "pytorch_version": "1.7.1+cu110",
        "numpy_version": "1.21.2",
        "end_time_seconds": "1672772935"
    },
    "total": 381.5344472,
    "count": 1,
    "self": 0.017877299999952356,
    "children": {
        "run_training.setup": {
            "total": 0.33970900000000004,
            "count": 1,
            "self": 0.33970900000000004
        },
        "TrainerController.start_learning": {
            "total": 381.1768609,
            "count": 1,
            "self": 0.24615019999896504,
            "children": {
                "TrainerController._reset_env": {
                    "total": 13.1430458,
                    "count": 1,
                    "self": 13.1430458
                },
                "TrainerController.advance": {
                    "total": 367.4978205000011,
                    "count": 8457,
                    "self": 0.2318304999995462,
                    "children": {
                        "env_step": {
                            "total": 360.9747268999999,
                            "count": 8457,
                            "self": 311.1350091000001,
                            "children": {
                                "SubprocessEnvManager._take_step": {
                                    "total": 49.61924349999886,
                                    "count": 8457,
                                    "self": 0.8180634999998091,
                                    "children": {
                                        "TorchPolicy.evaluate": {
                                            "total": 48.80117999999905,
                                            "count": 8447,
                                            "self": 48.80117999999905
                                        }
                                    }
                                },
                                "workers": {
                                    "total": 0.22047430000092305,
                                    "count": 8456,
                                    "self": 0.0,
                                    "children": {
                                        "worker_root": {
                                            "total": 325.4998037999999,
                                            "count": 8456,
                                            "is_parallel": true,
                                            "self": 74.14427540000051,
                                            "children": {
                                                "steps_from_proto": {
                                                    "total": 0.03957049999999995,
                                                    "count": 1,
                                                    "is_parallel": true,
                                                    "self": 0.0002749999999984709,
                                                    "children": {
                                                        "_process_maybe_compressed_observation": {
                                                            "total": 0.039192200000000454,
                                                            "count": 2,
                                                            "is_parallel": true,
                                                            "self": 7.960000000117873e-05,
                                                            "children": {
                                                                "_observation_to_np_array": {
                                                                    "total": 0.039112599999999276,
                                                                    "count": 1,
                                                                    "is_parallel": true,
                                                                    "self": 3.449999999993736e-05,
                                                                    "children": {
                                                                        "process_pixels": {
                                                                            "total": 0.03907809999999934,
                                                                            "count": 1,
                                                                            "is_parallel": true,
                                                                            "self": 0.0026539999999961594,
                                                                            "children": {
                                                                                "image_decompress": {
                                                                                    "total": 0.03642410000000318,
                                                                                    "count": 5,
                                                                                    "is_parallel": true,
                                                                                    "self": 0.03642410000000318
                                                                                }
                                                                            }
                                                                        }
                                                                    }
                                                                }
                                                            }
                                                        },
                                                        "_process_rank_one_or_two_observation": {
                                                            "total": 0.00010330000000102757,
                                                            "count": 2,
                                                            "is_parallel": true,
                                                            "self": 0.00010330000000102757
                                                        }
                                                    }
                                                },
                                                "UnityEnvironment.step": {
                                                    "total": 251.31595789999938,
                                                    "count": 8456,
                                                    "is_parallel": true,
                                                    "self": 1.3825567999966495,
                                                    "children": {
                                                        "UnityEnvironment._generate_step_input": {
                                                            "total": 1.1627907000020787,
                                                            "count": 8456,
                                                            "is_parallel": true,
                                                            "self": 1.1627907000020787
                                                        },
                                                        "communicator.exchange": {
                                                            "total": 218.56464160000118,
                                                            "count": 8456,
                                                            "is_parallel": true,